refdes,pin,voltage,current,rpin
VCOMP0,VCOMP0-0,13.18,20,0
VCOMP0,VCOMP0-1,0,-20,0
VCOMP1,VCOMP1-0,12.9445,-20,0.005
VCOMP1,VCOMP1-1,0.0269384,20,0.005
VCOMP2,VCOMP2-0,13.15,-20,0.000105
VCOMP2,VCOMP2-1,13.1458,20,0.000105
VCOMP3,VCOMP3-0,13.1026,-9.77477,0.00321
VCOMP3,VCOMP3-1,13.1041,-10.2252,0.00321
VCOMP3,VCOMP3-2,13.0408,9.48154,0.00321
VCOMP3,VCOMP3-3,13.0375,10.5185,0.00321
VCOMP4,VCOMP4-0,13.027,-20,0.0015
VCOMP4,VCOMP4-1,12.967,20,0.0015
